{"confusion_matrices": [[[24, 2, 1, 4, 0, 5, 0, 4, 3], [0, 43, 0, 0, 0, 0, 0, 0, 0], [0, 0, 321, 0, 1, 0, 2, 5, 5], [3, 1, 0, 23, 0, 8, 0, 0, 0], [0, 0, 0, 0, 45, 1, 1, 0, 7], [0, 0, 0, 0, 0, 39, 0, 0, 0], [0, 0, 3, 0, 1, 1, 111, 0, 8], [1, 1, 3, 0, 4, 1, 0, 265, 14], [0, 0, 11, 0, 1, 2, 7, 1, 546]], [[38, 1, 0, 2, 0, 0, 0, 1, 1], [0, 43, 0, 0, 0, 0, 0, 0, 0], [4, 0, 312, 1, 0, 0, 3, 11, 3], [5, 1, 0, 29, 0, 0, 0, 0, 0], [0, 0, 0, 0, 48, 0, 0, 0, 6], [1, 0, 0, 0, 0, 38, 0, 0, 0], [0, 0, 0, 0, 1, 0, 114, 1, 8], [7, 0, 0, 0, 3, 0, 1, 272, 6], [3, 0, 4, 0, 1, 0, 4, 4, 552]], [[38, 1, 0, 2, 0, 1, 0, 1, 0], [1, 42, 0, 0, 0, 0, 0, 0, 0], [5, 0, 316, 0, 0, 0, 1, 5, 7], [6, 0, 0, 29, 0, 0, 0, 0, 0], [0, 0, 0, 0, 43, 0, 1, 2, 8], [0, 0, 0, 0, 0, 39, 0, 0, 0], [0, 0, 1, 0, 1, 0, 114, 1, 7], [7, 0, 1, 0, 1, 0, 0, 274, 6], [0, 0, 6, 1, 0, 0, 3, 5, 553]], [[36, 1, 0, 3, 0, 0, 0, 1, 2], [0, 43, 0, 0, 0, 0, 0, 0, 0], [0, 0, 325, 0, 1, 0, 1, 5, 2], [2, 0, 0, 33, 0, 0, 0, 0, 0], [0, 0, 0, 0, 50, 0, 0, 0, 4], [0, 0, 0, 0, 0, 39, 0, 0, 0], [0, 0, 1, 0, 4, 0, 103, 0, 16], [1, 0, 2, 0, 4, 0, 0, 274, 8], [0, 0, 5, 0, 3, 0, 2, 4, 554]], [[35, 1, 2, 5, 0, 0, 0, 0, 0], [0, 43, 0, 0, 0, 0, 0, 0, 0], [0, 0, 329, 0, 0, 0, 2, 0, 3], [1, 0, 0, 34, 0, 0, 0, 0, 0], [0, 0, 1, 0, 47, 0, 0, 1, 5], [0, 0, 0, 1, 0, 38, 0, 0, 0], [0, 0, 0, 0, 2, 0, 118, 0, 4], [1, 0, 0, 1, 1, 0, 0, 278, 8], [0, 0, 5, 1, 1, 0, 4, 4, 553]], [[35, 1, 0, 6, 0, 0, 0, 0, 1], [0, 43, 0, 0, 0, 0, 0, 0, 0], [0, 0, 321, 1, 0, 0, 2, 1, 9], [2, 0, 0, 33, 0, 0, 0, 0, 0], [0, 0, 0, 0, 48, 0, 0, 1, 5], [0, 0, 0, 1, 0, 38, 0, 0, 0], [0, 0, 0, 0, 1, 0, 109, 0, 14], [2, 0, 0, 1, 1, 0, 0, 278, 7], [2, 0, 2, 0, 1, 0, 1, 2, 560]]], "accuracies": [92.67495094833224, 94.5716154349248, 94.702419882276, 95.29103989535645, 96.46827992151734, 95.81425768476129], "f1_scores": [0.9255071367853995, 0.9465836915706205, 0.9475213624137816, 0.9526792564766046, 0.9646161110577967, 0.9581805646133617]}