{"confusion_matrices": [[[24, 2, 1, 4, 0, 5, 0, 4, 3], [0, 43, 0, 0, 0, 0, 0, 0, 0], [0, 0, 321, 0, 1, 0, 2, 5, 5], [3, 1, 0, 23, 0, 8, 0, 0, 0], [0, 0, 0, 0, 45, 1, 1, 0, 7], [0, 0, 0, 0, 0, 39, 0, 0, 0], [0, 0, 3, 0, 1, 1, 111, 0, 8], [1, 1, 3, 0, 4, 1, 0, 265, 14], [0, 0, 11, 0, 1, 2, 7, 1, 546]], [[38, 1, 0, 2, 0, 0, 0, 1, 1], [0, 43, 0, 0, 0, 0, 0, 0, 0], [4, 0, 312, 1, 0, 0, 3, 11, 3], [5, 1, 0, 29, 0, 0, 0, 0, 0], [0, 0, 0, 0, 48, 0, 0, 0, 6], [1, 0, 0, 0, 0, 38, 0, 0, 0], [0, 0, 0, 0, 1, 0, 114, 1, 8], [7, 0, 0, 0, 3, 0, 1, 272, 6], [3, 0, 4, 0, 1, 0, 4, 4, 552]]], "accuracies": [92.67495094833224, 94.5716154349248], "f1_scores": [0.9255071367853995, 0.9465836915706205]}